136592	LJ112295	negative	Yeah we have Thin Lizzy here I HATE the informercials !
54481	LJ112509	negative	it sounds really bad but it just couldnt have been worse timing .
368315	LJ112763	neutral	The stories feature the same main character , but do not depend on each other otherwise .
111010	LJ112242	neutral	I am getting a DS for Christmas .
141436	LJ111667	negative	Every freaking time I take a break and come back to skating I push too hard and my tailbone ends up out of place .
null	LJ113215	negative	Even if you did have to icon Laura 's ugly bangs haha .
null	LJ113457	negative	That has got to be one of the cruelest things that a straight person can do to someone gay\/bi .
643810	LJ112233	negative	At first I thought it said Fucker and I was like what a weird way to propose .
null	LJ113406	neutral	Did they play `` the bucket '' ????
87207	LJ113059	positive	I actually think things will be fine now !!!
34168	LJ113102	positive	Good looking gal never hurt either .
8385	LJ111631	neutral	Just walk , stone to stone , and read all those people 's names .
null	LJ113552	positive	I am so proud of her , that she is started to actually write it !
null	LJ113625	neutral	im on myspace ... ill try and find you and add you :D
null	LJ113431	negative	LLLINKKK LLLINKKK i have not slept very much this week .
47575	LJ111505	negative	Oh god ... I can not imagine what you must be going through right now .
54060	LJ111913	positive	sounds like ill be seeing you sporting a lot more AA !
null	LJ113269	neutral	saw your LJ post ... yay for Aussies ;)
151978	LJ111318	neutral	I WILL COME GET YOU if you want to come visit !
8385	LJ111640	negative	Although teaching 14 kids under 12 the jazz square is a bit daunting !
null	LJ113240	neutral	And also reading `` The Hobbit '' at intervals .
54481	LJ112389	neutral	I think my skin is actually tanning abit ..
88710	LJ111808	positive	Sometimes I look forward to getting wrinkles -- if I am lucky enough to live long enough to get them !
47575	LJ111339	positive	My heart goes out to the both of you .
151978	LJ113067	neutral	I think jessie , whitney and I are driving up if you want to ride man .
37203	LJ111697	neutral	Well I think that was by intent .
44612	LJ112813	neutral	Mom is starting to settle in a little bit to the assisted living apartment we ( I ) found her here in Cowtown .
110607	LJ111584	positive	hey hotstuff , take her to a free clinic .
null	LJ113451	neutral	I will be staring at it like > : \/ And I will be thinking ?.
134089	LJ111465	positive	It made me feel better about the state of my apartment .
34168	LJ112871	positive	I can but wonder what the local cats thought , given this wonderful sounding hat .
13495	LJ111560	positive	I hope everything turns out well .
570064	LJ111218	positive	I was thinking of you the other day !!!
10260	LJ111186	positive	The other one , also hilarious .
463584	LJ113180	positive	Excellent title , and perfect pair !
149695	LJ111475	neutral	Normally they have everything on there .
33149	LJ112047	positive	I will be DJ ` ing at + one tonight come and enjoy a night out with some excellent music !
10260	LJ111531	neutral	`` For more information on the Crack Spiders bitch , please contact the Gov ` t of Canada '' LOLOL .
100960	LJ111448	negative	But we 'll kick you out if you snore .
43468	LJ112245	negative	it is so hard to be a renaissance woman anymore ... knowledge is so specific anymore , and so much of it .
87207	LJ111831	positive	` Cos you are a lovely pretty lady :)
335545	LJ112228	positive	my mom always used to tell my sister that you can bullshit better on a full night 's rest good luck !
47575	LJ111616	negative	My deepest condolences my dear friend .
463584	LJ111205	positive	That is a great title on its own , and it does pair perfectly with Among Others , too .
43473	LJ111486	positive	haha , that sucks , because the drumline will be just fine
113717	LJ111848	negative	They said they are not really hiring till next month or something .
43473	LJ112574	positive	but jc and i talked it out , we are cool .
520040	LJ111794	neutral	Hey there how about adding a link to your Facebook page for all of us .
178715	LJ112827	neutral	Upon my most recent visit , I saw a lawn with flowers that spelled out `` Norwegian Wood '' .
111010	LJ112988	negative	We are a pair of sad game-a-holics .
559543	LJ112746	positive	It is one of the most magical videos ever created : at once inspiring , frustrating and demented .
134089	LJ112407	positive	But thank you for the neato idea = D
103140	LJ112697	neutral	i am used to LLLINKKK and LLLINKKK .
49467	LJ112197	neutral	but what about the Hush Sound and the Dresden Dolls ?
132200	LJ111387	positive	That would be cool , im planning on going Saturday night , you should go !
367889	LJ112993	neutral	For those following along at home , we are doing the 5:40 show .
166051	LJ112633	neutral	This has nothing to do with your post , but your icon reminded me of something I saw on GameFAQs earlier : IIIMAGEEE
100960	LJ112745	positive	well I think there is a childrens area !
13495	LJ112422	positive	We are now safely home and unbelievably grateful .
463584	LJ112182	positive	Just because your hands feel fine now is no guarantee they will feel fine later .
136592	LJ112705	negative	when they said one shade for all skin tones I do not think they took into consideration albinos THOSE RACISTS
269854	LJ111248	positive	Ya gotta balance the `` touchy-feely '' with good business sense .
8385	LJ111586	neutral	People sitting right there in the ground .
119996	LJ112996	negative	I do not know if I can , I have to work on Sunday ...
60253	LJ111467	positive	and , of course , we are obligated to choose our own school .
103140	LJ111682	positive	at least there were no ill effects , other than my clothes being nice and soft :)
178715	LJ111153	neutral	that just made my chest hurt .
34168	LJ112037	neutral	Have you read the His Dark Materials trilogy yet by the way ?
47575	LJ112853	negative	I am sorry , that is horrible .
10260	LJ112492	positive	Although , knowing his grandmother , she would have found it hilarious .
367889	LJ112772	neutral	Well , I have got a friend playing music at 8pm , so I had lean towards the earlier show .
103140	LJ112876	positive	:) ... they at least had a good rinse
434925	LJ111429	positive	that movie was better than I expected !
178715	LJ112915	negative	it makes my chest hurt , too .
112641	LJ111738	neutral	one of my goals this summer is to try one new vegetable a week .
null	LJ113327	positive	grabbed # 24 , will credit when used !
88710	LJ111702	neutral	I am long-stemmed and far from the soil .
218101	LJ112695	neutral	you do your layouts yourself ??
111010	LJ113161	neutral	XD I got a used one for $ 50 .
136592	LJ111268	neutral	one shade for all skin tones !
559543	LJ112619	neutral	It is 25 min long , but you should watch it to the end .
null	LJ113560	negative	And I never `` crammed my twisted veiws down your throat '' , I simply told you that I was right and you were wrong .
43473	LJ112519	neutral	lol hang in there , it is gonna be ok .
13495	LJ112322	positive	Hey hon , I hope things are much improved for you , and I hope you are having a great birthday .
43473	LJ112776	positive	this deserves a picture of the YA RLY owl
94889	LJ112994	positive	I was reading your party invitation and just realized how close you live to me - we are practically neighbors !
50595	LJ113105	positive	happy spain day , spainizoid .
110607	LJ112553	neutral	set an alarm on your phone or take them with your birth control to help you remember .
113704	LJ112453	positive	Maybe it makes them feel good to `` snark '' on people and bitch about their choice of lifestyle ..
10576	LJ112756	positive	i would never give up on you .
37745	LJ111677	negative	I remember when I changed my ebay account I lost people .
367889	LJ111653	neutral	LLLINKKK IIIMAGEEELLLINKKK brewsternorth - does that work for you ?
50595	LJ111197	positive	I hope you have a good time in Spainlandia and that your mammy is well .
111010	LJ112894	negative	Other than expensive , gaming is also addicting .
134089	LJ113109	positive	What you might think is straightforward , is pretty advanced for us .
87324	LJ113173	neutral	( Some bare tushes in evidence , too . )
null	LJ113209	neutral	we are moving lacma to Sunday !
60361	LJ112276	neutral	Then you post this in your journal so other people can ask you about your interests .
37203	LJ111327	positive	I do not know whether the Congress will follow suit for Congressional employees , but I sure hope so .
54060	LJ111608	positive	Everyone seems pretty cool so far .
null	LJ113541	neutral	Question : you are in concert choir .
11719	LJ113039	neutral	It is only been ... \* cough \* four months \* cough \* .
108741	LJ113129	positive	after you left i put you on the top 5 hot guys list .
54481	LJ113079	positive	darien is doing better at school ..
102168	LJ111669	neutral	troubles@gmail.com and take care of yourself , boy .
149695	LJ111733	neutral	When you could get all 4 recent seasons of survivor on the main site there were all on hulu .
113704	LJ111907	negative	It is hard to resist arguing with them , but they are all so fucking stupid that it does not even get you anywhere .
311581	LJ111325	neutral	he is got that Marx/early 1900s radical look down pat !
113717	LJ112593	neutral	... the cookies were for her :( .
49467	LJ112107	positive	is not all that great and will soon disappear from view , you could use the money for something way better .
34168	LJ111941	positive	That is the one , and yes , it is great reading .
47785	LJ112825	positive	But how could I not watch the T-Bird ?
87207	LJ111319	positive	I hope everything ends up being okay \* hug \*
111010	LJ111194	negative	I know I would get badly hooked .
null	LJ113370	positive	So , um , thank you for pointing it out .
93836	LJ112320	negative	And I am jealous of you with that President !
37745	LJ112051	neutral	Fab 60 's vintage for sale on ebay .
34168	LJ111254	positive	and I love this city , it is time to remember that .
34168	LJ112223	neutral	\* search search search \* ... Phillip Pulman ?
166574	LJ112503	positive	They are very important to the Jonas lifestyle Next time I do a livestream I think I am just going to take requests .
null	LJ113229	positive	But I figure I can always rent it on DVD .
12523	LJ112190	neutral	Is there something I can bring ?
50595	LJ111536	neutral	For PEOPLE in my immediate vicinity .
null	LJ113529	neutral	exactly like the letterman one if you saw it .
null	LJ113572	positive	And yes , it will be posted when I am through > :
37745	LJ112569	negative	People also do not like to look at relisted auctions , and I relsited two .
113717	LJ111963	neutral	Jordan and I chilled at the mall for a while .
43473	LJ111532	positive	[/sarcasm] lol Good luck with that .
null	LJ113510	negative	The Royal Rainbow does not go there .
110607	LJ112494	negative	I did not know you had a baby , I guess it has been a while since we spoke .
134089	LJ112035	negative	Expect it sometime when I am less exhausted and tipsy .
null	LJ113582	neutral	You should name it something extremely MANLY 8D
50595	LJ111572	positive	BUT I found the most SPECTACULAR THING and it is WEEPING to be owned by you .
166574	LJ111353	negative	Everyone is doing live stream things , and I keep missing tem !
110607	LJ113028	neutral	i got a cannon rebel xt for christmas so i have been taking SO many pictures of her .
25267	LJ112873	positive	PS I really like those pictures
6093	LJ113054	positive	i think ur entries r interesting .
null	LJ113308	negative	(I do not altogether buy the `` true trolls know they are trolls '' axiom.)
null	LJ113337	negative	Man , sure can not trust those homos .
178715	LJ112814	negative	I never thought I would miss Connecticut quite so much .
43473	LJ112730	positive	i really , truly , understand being upset .
226553	LJ111526	positive	Anyone care to tell me when it 'd be a good idea to do so ? ]
171479	LJ113150	negative	Well , the gist of it is I am still undecided , and that is why I had not thrown anything away yet .
40123	LJ113019	neutral	While making stretchers i managed to slice my thumb with the saw .
null	LJ113513	negative	`` Nope -- can not happen to me ... '' ZZZZT !!!
null	LJ113539	positive	us chicks with balls are the great ones !
134089	LJ111550	positive	Speaking of cleaning , I was watching one of my favorite BBC shows today ( `` How Clean is Your House ? '' )
34168	LJ112259	neutral	Obviously i am some kind of psychic weatherman .
921602	LJ112742	positive	but whatevs , i still love you frakes bbLLLINKKK
113704	LJ113157	positive	hahahahahaha YESSSSSSSSS !!!!!!!!!!!!!
10576	LJ111241	positive	I think you mentioned this idea to me a few years ago , and yes , I do want one !
null	LJ113195	negative	Oh god I wanted to stab myself in the eye with a fork .
34168	LJ112801	negative	I never found mushrooms though , which would be cool .
null	LJ113249	neutral	Repeated for clarification : KIDDIEFURS ARE FUCKING CREEPY AND THEY MAKE THE BABY ERIS RAGE .
6093	LJ111552	neutral	I think I have seen them on osculations ?
149695	LJ111830	neutral	It looks like Hulu 's policy seems to be to only offer what is currently being offered by who has that copyright .
60361	LJ112867	negative	I dont have too many interests to post anyway ... ;-)
43468	LJ112715	positive	But yeah , hang out with them more .
178715	LJ111699	positive	It is one of the only places I have ever felt truly at peace .
50595	LJ111279	positive	we have better santas and mince pies than anywhere else ... except perhaps germany , norway and the rest of europe .
218101	LJ111804	positive	you have a way w. colors as well .
178715	LJ112557	positive	Sometimes we have to leave our home to find it ... hopefully you have the luxury of returning to CT every now and then .
53298	LJ112226	positive	IIIMAGEEE This sign I put up was pretty good though !
57654	LJ111503	neutral	LLLINKKK Other metro riders seem to think so .
112641	LJ111776	neutral	( except the spices and flour to make the bread )
6093	LJ111472	positive	i have got to tell u they are marvelous , cheers for that .
136592	LJ112823	negative	And they have these terrible annoying radio ads for it too .
134089	LJ112105	neutral	Scary enough to compel you to clean the bathroom !
57654	LJ112682	positive	I approve of the rather obvious messages that it contains , as it deals with a lot of LLLINKKK grownup issues .
335545	LJ112792	neutral	when i stare at my score with either admiration or despair .
88710	LJ111373	positive	-- they are kind of beautiful .
149695	LJ111311	negative	I have never seen either of those shows , but I have heard of survivor .
43468	LJ111351	negative	But what the fuck is language poetry ?
43468	LJ112376	neutral	A cursory glance is often all we can come to .
463584	LJ112012	neutral	Does not it sound totally like a sequel to a book called Among Others ?
null	LJ113445	positive	thanks :) aussies are awesome !
171479	LJ111661	negative	There is mistaking one drive for another .
434925	LJ111175	neutral	And how do people even have the time ?
132200	LJ112025	positive	Im looking to work at any mac i can get my hands on !
40123	LJ113155	neutral	Ive engorged myself into my art .
43473	LJ112617	positive	\* shrug \* You are right about it being her decision , though .
47575	LJ112936	negative	What heartbreaking news ... I am so sorry .
136592	LJ112358	positive	Fast forward 5 minutes and she proudly held the mirror up to my face so I could admire her handiwork .
132200	LJ111272	neutral	But Halloween night , we might be doing somthing ... City on Saturday , I will probably wear another costume i made .
null	LJ113284	negative	You know they do not constantly think about getting into your pants .
520040	LJ111499	neutral	You will have to sign up to join Facebook yourself , it is not `` public '' like this journal is .
93836	LJ113053	negative	Day three in office , and the Global Gag Rule ( A.K.A LLLINKKK `` The Mexico City Policy '' ) is LLLINKKK gone !
100960	LJ112696	positive	This is completely unrelated , but I had like you to know that whenever I hear Miss You by the Stones , I think of you .
null	LJ113198	positive	Have to run off to Play.com to get myself a copy right now .
113717	LJ113112	neutral	I just want money D : Are you any closer to being a film god ?
13495	LJ111281	positive	\* kneels down and kisses ash covered ground \* Thanks for the hug !
111010	LJ111629	negative	My younger brother does not have a console , and he is ten .
54481	LJ111250	positive	It feels good finally to be loved and there not be something else `` going on . ''
570064	LJ112946	positive	I have been waiting all year !!
88710	LJ111915	positive	It is durable , and smells lovely , and is protective , and malleable .
null	LJ113252	negative	fool I could have told you this
87207	LJ112979	positive	I certainly HOPE so !!!!!!!!!!
110607	LJ112845	positive	exceedingly brilliant and beautiful , and such a sweetheart .
10260	LJ111694	positive	I think this is seriously one of the funniest things SNL has ever done !
88710	LJ111291	neutral	e.g. scales , alloy , velvet , wire , silk , carapace , bark etc. .
47575	LJ112451	positive	We are both thinking of you , never doubt that .
130518	LJ111243	neutral	Remember those investment fund commercials : Sooner or later , everyone retires .
87324	LJ112552	neutral	They have been talking about a sequel for years .
43473	LJ112957	neutral	listen , it will not be that bad .
115956	LJ112435	neutral	i wanted to get a pomeranian and shave it into a lion !
113704	LJ112567	positive	I think they want to marry you .
136592	LJ111169	positive	hahahaha i bet you can use it as mascara and eyeliner too
111010	LJ111993	positive	For the DS I now have more games , but yeah .
127926	LJ111911	neutral	I wish I had thought of that when I saw him .
13495	LJ111766	positive	\* clings back \* It is a miracle to return with my house still standing !
204662	LJ113164	neutral	Yep I was going to suggest exactly what LLLINKKK IIIMAGEEELLLINKKK anne_jumps suggested .
40123	LJ113013	neutral	;-) We 'll boogie down in the NYC .
113704	LJ112939	neutral	Oh I know , I found it that one time :D
149695	LJ113026	neutral	So far we have watched Seasons 1 , 2 and 7 .
null	LJ113355	neutral	... they were on conan last night ?!?!!?!?!??!!
110607	LJ112532	positive	Thank you so much , I need to remember to take my vitamins !
110607	LJ111496	negative	I also get treated badly by my managers .
13495	LJ112216	positive	I am keeping you in my thoughts and prayers .
87324	LJ112300	neutral	Have not been around , so just now I read about the root canal !
103140	LJ111485	neutral	if you are really into the green scene , you might as well forgo LLLINKKK electricity too .
53298	LJ111266	negative	I wanted to go camping at catalina last summer , but it never worked out .
108959	LJ112728	neutral	I see the icon and all I can hear is Dun dun dun dun dun Dun dun dun dun dun Dun dun dun ... BEEEEEEP DOOOO IT !
null	LJ113488	positive	I like that song by Kaiser Chiefs .
null	LJ113621	positive	It is streamable from YepRoc -- matter of fact I should update the post with a link to that .
643810	LJ111324	neutral	LLLINKKK IIIMAGEEE LLLINKKK can you read this ?
25267	LJ111167	negative	Hiya , I was wondering if youd mind unadding me from your friends list ?
570064	LJ111269	positive	Not the best , but I love chill photos .
119996	LJ112721	negative	i have not culled you , just have a new journal :P so add this one
54060	LJ111821	neutral	Where is the store going to be ?
226553	LJ112250	neutral	I previously mentioned I intended to see the film on May 21st .
113717	LJ111341	neutral	I was going to bring cookies to Cody cause Ktown totally ditched me today .
136592	LJ111918	negative	hahahahaha what is wrong with you , why would you let ANYONE at the easter show do your makeup ?
100960	LJ112392	neutral	\* shakes fist \* It was just on the radio .
null	LJ113616	positive	Maybe it was - his - fantasy ?
367889	LJ112591	neutral	LLLINKKK IIIMAGEEELLLINKKK coyotegoth - Shall we meet at the theater 3-ish ?
100417	LJ112664	negative	You might check EBay , but I kinda doubt you will get much for it there .
226553	LJ111534	neutral	Did you already post original announcements to afp and cam .
null	LJ113611	negative	And disturbing , but you can not help your subject matter .
119996	LJ111594	neutral	it appears LLLINKKK IIIMAGEEELLLINKKK ___ dash ___ has culled me .
88710	LJ111843	positive	And always twirling , twirling , twirling towards freedom .
10576	LJ113118	neutral	After I try it and report back , can I keep it ?
37203	LJ111777	neutral	The whole point was to make it sound like something was happening when nothing was .
60253	LJ112908	negative	It 's a wonder these posh teens can even fit through door frames with such voluminous skirts .
100417	LJ112704	neutral	And about half of the stuff in my room .
null	LJ113453	neutral	Maybe you could put the cable box in her room ?
12523	LJ112016	neutral	Then Friday we go to NH to visit mom .
251299	LJ111117	negative	LLLINKKK LLLINKKK IIIMAGEEELLLINKKK The choice to take Rocky out and put him in death row , is because
132200	LJ112536	positive	:) 12 oaks , summerset , fairlane ... i live in garden city , but i will gladly travel an hour to get there !
null	LJ113323	negative	... how much out of the loop am I to have had no idea there was a new Robyn record out ?
108959	LJ113024	negative	I on the other hand can not stand the '' ____ of Love '' shows .
340641	LJ111119	neutral	LLLINKKK Some more mountains .
8385	LJ111150	negative	Ghosties and dead people give me the willies , so cemetaries drive me mad .
null	LJ113264	negative	Why do not I have a GODS WHY ?!
null	LJ113547	positive	Then you would not have to go in on the cable bill since you are not watching .
43468	LJ112449	negative	I make a bad conversationalist when I just nod and sort of grimace .
43473	LJ112366	negative	and i know it SUCKS , but his crazy plans usually work .
53298	LJ112377	positive	Graduation is tomorrow , finally .
108741	LJ112248	neutral	if i am ever king i will make it up to you .
559543	LJ112401	positive	see you soon , paul , i hope .
47575	LJ112675	negative	I am very sorry for your loss .
57654	LJ111483	neutral	LLLINKKK Zombies are a allegory for class warfare .
11719	LJ111416	positive	Hope I get to talk to you again soon !
10576	LJ112391	neutral	ok what size diameter and length ect ?
37745	LJ111445	negative	I think it must just be the season , everyone I know of is having poor sales !
54481	LJ111549	positive	I might actually have more of a navy wife thing going on then I ever did with nathan .
570064	LJ111663	positive	My cellphone takes pretty good pictures !
8385	LJ112188	positive	Yes , i find them very focusing .
null	LJ113366	negative	i can not go any earlier than 6 .
33149	LJ112437	positive	I am going to someone 's birthday drinks beforehand , so depending how that goes I may see you later :)
141436	LJ111607	neutral	My sacrum used to go out every month just before my period .
102168	LJ111872	neutral	if no one has a problem with it , its really nothing to complain about .
44612	LJ111988	neutral	I think I am going to guilt them boys into giving me some flyer points so I can go to a tournament in Dallas in March .
921602	LJ112717	negative	dammit there was an episode on last night ??
47785	LJ111126	negative	Not just villains , I had wager .
37203	LJ112526	neutral	Melissa is planning to keep freelancing when we go back to DC in September .
null	LJ113202	positive	i am getting a bit delirious .
88710	LJ112470	neutral	I am the product of billions of old things I have never met .
29066	LJ112459	neutral	By way of LLLINKKK IIIMAGEEELLLINKKK professor_chai I am using Livejournal for its primary purpose !
340641	LJ111513	neutral	Here they are , beneath the cut : LLLINKKK LLLINKKK CLIFFS .
100960	LJ111316	positive	can i come too ... watching is fun !!
13495	LJ111226	negative	I swear if the winds had not died down it would have burned all the way to the ocean .
50595	LJ113142	negative	The verbal vomit was much appreciated .
47575	LJ112555	neutral	And yet I wish I had enough of them right now .
94889	LJ111823	positive	Thats true , nine blocks if I am correct ?
null	LJ113390	neutral	LLLINKKK http://www.theindychannel.com/news/15182722/detail.html
100960	LJ113138	neutral	To all who think that I have room in the dome at Eclipse .
13495	LJ112053	negative	I am pretty numb right now and trying to stay that way so I do not have a meltdown .
13495	LJ112092	neutral	i live on the Westside and work in OC , so I have been hearing from peeps their travails .
368315	LJ111801	negative	Sigh , no can do - my weekends are all booked up these days .
8385	LJ111795	neutral	I think I shall visit every cemetary ever .
110607	LJ111755	neutral	you are near a big city right ?
103458	LJ112172	neutral	that is what happened to Milo too .
100960	LJ112029	negative	sleep with your head towards the door , you might scare random children if they walk by the tent and it is open !!
340641	LJ112115	negative	LLLINKKK Not a lot of the things , but honestly I am angry at photbucket so fuck it .
60253	LJ111576	negative	How unfair , Paxon kids really get screwed in that respect ... >.>
54481	LJ111178	neutral	cook dinner for alot of them .
null	LJ113601	neutral	Well , maybe it is something about winter Actually , it was in early autumn ...
null	LJ113603	neutral	This post has been moved to LLLINKKK IIIMAGEEELLLINKKK penguinplease , my new icon journal .
null	LJ113578	positive	I am not dirnking but it will still be funny !
10576	LJ111703	neutral	I do not have a preference as far as what kind of wood .
87207	LJ111563	neutral	ok or not , It will still be going on forever 5 years after from this post .
102168	LJ112602	positive	i am glad the fragment stuck in your thoughts , it has been stuck in my head for a while too .
null	LJ113498	neutral	RELATIONSHIP MEME Wolfram : Wolf-chan ~ !
43473	LJ112539	positive	stay strong guys , drumline will take care of everything , i swear it .
166574	LJ111411	positive	Originally published at LLLINKKK rosemarytravale .
null	LJ113515	neutral	So that is what she called him .
25267	LJ111132	positive	Cool posts , dude ; very colorful , and artsy .
null	LJ113558	neutral	`` I am a Strange Loop '' is on the way !
94889	LJ112056	negative	If you brought Nesta he would not even have to dress up !
null	LJ113296	neutral	... OH HEY THAT REMINDS ME I TOTALLY HAD A DREAM ABOUT SENBASA LAST NIGHT .
291557	LJ112176	neutral	This is link to my source LLLINKKK ,
171479	LJ112374	neutral	Today , I count myself among those ranks .
6093	LJ112205	neutral	I saw you at jr_nal , add me back ?
null	LJ113614	neutral	Since all the LibraryThingers are doing it , the 2007 book poll .
111010	LJ112008	positive	Really , I can not be ashamed of that ; my entire Christmas present is going to cost less than $ 100 .
127926	LJ113183	positive	That person deserves to be photographed .
570064	LJ112998	neutral	LLLINKKK I took these with my cellphone this evening .
132200	LJ111481	positive	I am pretty pleased about how things are going since i have been back .
111010	LJ112646	positive	Next : saving up for the newly-cheaper PS3 .
134089	LJ112531	neutral	Hey Matt , Perhaps you could look into doing 3D for motion graphics - titles for TV News , promos etc. .
null	LJ113564	neutral	i might seem semi retarded but whats with the sandgroper reference ?
null	LJ113593	negative	She has no idea why he spazzes when she calls him `` cute . ''
113717	LJ112058	positive	Hopefully I will get a job there within a month .
34168	LJ111882	neutral	how did you know it was raining ???
96973	LJ111952	neutral	LLLINKKK or should i say UDDERLY oh ha ha ha .
11719	LJ112385	positive	\* grins \* I am quite happy to still be loitering quietly in my little corner of the modern world .
87207	LJ111792	neutral	i am about to send you an email with questions about some stuff ... so check it before you leave work !!!
37203	LJ111582	neutral	Yup , I saw that this morning ( like the hangover after the night of partying ) .
254047	LJ112464	positive	It reminds me that I need to use the one I have got .
53298	LJ111236	positive	but i will get a hotel and then meet yah on the beach , hahahoho .
null	LJ113467	positive	Grabbed a few Enchanted icons !
40123	LJ111498	neutral	so i can take your dna and make little sam clones to fold my laundry ?
559543	LJ111375	neutral	I could probably write a ten-page paper on why this video encapsulates what it means to be a human being .
25267	LJ111604	negative	IIIMAGEEE i am afraid of meeting my doppleganger .
60361	LJ111181	positive	your interests nail it to the basics ... that is good .
115956	LJ112573	neutral	:| @ dogs being in clothes ... especially dresses .
112944	LJ112604	negative	Driving unfamiliar roads , on the `` wrong side '' , would lead me to forget to look at signs s well .
368315	LJ112142	neutral	In any case , let me know what you want to do .
null	LJ113379	negative	Two double-signs do not match , it seems .
47785	LJ112653	negative	Well , you have had some rather um ambiguous relationships with people of suspicious character .
null	LJ113363	positive	Love your features , Love your posts .
60253	LJ112739	negative	How subliminal , and ineffective .
217919	LJ113141	positive	Dude , you need to link me to that fanfic like NOW haha ... unless it is a fandom I do not know about ?
102168	LJ112050	neutral	love tooth picking up through .
100960	LJ111845	positive	Of course you can stay in my tent !
367889	LJ111657	neutral	But I could just go see her the next time she plays .
34168	LJ111308	positive	Canada is one of those places I really should go back to some time .
130518	LJ112002	positive	That is gorgeous , in a creepy sort of way .
null	LJ113412	positive	hey I just added you as you warmly welcomed me to the jm community and also replied to my post last month .
108741	LJ111588	negative	to anyone who overheard my drunken ramblings last night , i am not really the king of the universe .
560950	LJ111693	neutral	My pictures from there are here : LLLINKKK
43473	LJ111344	neutral	and well , i may or may not talk to carder tommarow .
null	LJ113221	neutral	my other friend ana has a monthly girly get-together themed with crafts and alcohol .
368315	LJ112490	neutral	I will plan on seeing you when you get there .
87324	LJ111138	neutral	Boondock Saints 2 comes out Oct. 31 !
null	LJ113225	negative	i saw what i did and realized that , Seperation made the distance , Alteration made it worse .
132200	LJ112338	positive	I was already hired in as the assistant ..
null	LJ113350	neutral	Whats better is that your an Aussie ... yay ;)
100960	LJ112221	negative	i might be weasling in ... my hu-band snores like a motherfucker !!
434925	LJ112674	neutral	Gotta grab that one when it comes to dvd .
311581	LJ112160	negative	- my downstairs neighbors went too far .
54060	LJ111275	positive	dont forget about hooking us up !
null	LJ113550	negative	I laughed , and I am guilty of being a troll too .
102168	LJ111456	negative	i do not have much time to read here so i am awful picky about who i add .
151978	LJ112590	positive	i will be in the A , 16 more days
null	LJ113377	positive	I am kind of surprised by how little fiction I ended up reading this year (that I remember) .
null	LJ113333	negative	yea I do not know why I pay for cable .
54060	LJ111514	neutral	i had like to go to the next one though !
434925	LJ111188	negative	I wish my life had nothing going on to the point where I could just wait in line for days to see a movie .
49467	LJ112899	positive	plus , the Hush Sound is sooo cute !
34168	LJ111232	positive	Some of them are tiiiiny and as cute as buttons .
87324	LJ111558	neutral	You may be shocked to learn that I have seen Boondock Saints .
100960	LJ112277	negative	it is my hope not to see any children ... but if i do , i have a few other ways to scare them !!
null	LJ113403	neutral	Since ragenamed the desktop Raven .
10260	LJ112986	positive	\* laughs arse off \* Thank you , that made the perfect cap to my evening .
11719	LJ111470	positive	Lovely meeting you and tea-ing it up !
367889	LJ111708	neutral	1:30 , 3:30 , 5:40 , 7:50 , 9:50
463584	LJ113085	negative	This is not a serious objection .
374243	LJ112942	negative	I actually like his guitar playing , but I find the oud distracting and the songs repetitive .
226553	LJ112267	neutral	I had post the reminder about a week to ten days beforehand if it were me .
6093	LJ112099	positive	creative artworks , beautiful words , magnificent images ..
2915	LJ112040	neutral	\* shakes fist \* to pay for it , i am selling LLLINKKK this apple cinema display .
100417	LJ112381	neutral	Getting rid of manga is a tricky business , because nowhere around here that I know of buys books .
null	LJ113344	neutral	xD I think I might go with HONDAM .
44612	LJ111992	neutral	With a side trip , methinks , if there is anyone down around them there parts who feels like playing some Monopoly .
102168	LJ111711	negative	i was too awkward to even attend the school dances , so do not feel bad .
110607	LJ112240	negative	I also have been bruising so easily and have a few weird patchy bruises that wont go away .
null	LJ113436	negative	Nothing to say here , really .
102168	LJ112439	neutral	do not forget to send me poems .
null	LJ113519	negative	And no , they do not know more about the Bible than me .
null	LJ113386	negative	I did these a while ago , but I decided , what the hell , this ai n't DA , what is the worst that could happen ?
11719	LJ111770	positive	\* glomps \* \* is dork \* <3 P.S. : Hopefully I will get to talk to you tonight again !
43473	LJ112398	negative	Not trying to be an asshole or anything .
127926	LJ111201	negative	Not quite so bad as Pickles , but a White Boy Dred Mullet ?
127926	LJ111692	neutral	Posted via LLLINKKK LiveJournal .
434925	LJ111190	positive	The Boat That Rocked ( the title it was released with in the UK and NZ ) is so much better .
520040	LJ112754	neutral	Just a lil ' reminder that I have moved 90 % of my used-to-be-journal activities to Facebook !
37745	LJ112953	neutral	( myself included ) Do you think the name change threw people off ?
8385	LJ111810	positive	I am in love with cemetaries .
102168	LJ111826	neutral	ah , no need to delete , it was just my modesty flaring up a little there .
463584	LJ111511	negative	`` Thud '' means it is just a boring wordcount post .
570064	LJ112893	neutral	And I am getting my nose pierced , too .
108741	LJ111287	positive	I hope we are somewhat neighbors soon .
65401	LJ111615	positive	I 'M USING THIS JOURNAL AGAIN .
136592	LJ112198	positive	I think the word spew sums it up perfectly , to be honest .
null	LJ113217	negative	i actually decided not to go to OT school about a year ago , instead i am pursuing my MSW .
34168	LJ111665	negative	It also pissed off the church no end due to some of the fantasy concepts .
463584	LJ112851	positive	Words : 646 Total words : 4094 Files : 2 Tea : Yong Xi ( Thanks Mary Kay ! )
108959	LJ112308	positive	Rock of Love on the other hand is made of win .
570064	LJ112974	positive	I should write a post just for you , your style .
11719	LJ112487	positive	\* glomps \* I was just thinking about you the other day !
null	LJ113279	negative	I missed Kings Of Leon on Conan last night .
43473	LJ111705	neutral	theres my two cents , do as you will ...
10576	LJ112609	positive	I had be happy to give you my address and discuss the item .
171479	LJ113107	negative	I knew it was too good to be true OTL
134089	LJ112346	neutral	I can not believe some of the places they visit tho ; Hoarders baffle my mind .
11719	LJ111220	positive	I guess I had have to say yes , it is been pretty good .
null	LJ113464	positive	I am hoping by the end of next year to finish everything else he is written .
10576	LJ112194	positive	I know i just had this idea and I thought either im nuts or its a good idea .
null	LJ113393	positive	DO expect mecha warriors , motorhorses and MANLY GAR .
10260	LJ112447	neutral	One of my co-workers wanted to know what I was humming .
null	LJ113388	negative	this evening - LLLINKKK natalia fabia 's hooker fashion show in hollywood !
166574	LJ111585	neutral	You can comment here or LLLINKKK there .
null	LJ113290	negative	no one will know what it is i dont even know what it is but there is one .
37203	LJ112969	neutral	Obama will sign an executive order implementing the change in the Oval Office , the officials said .
269854	LJ112624	positive	You are wise ... Customers know they are not buying a perpetual motion machine .
151978	LJ112283	positive	Sounds great already , bitches .
null	LJ113298	negative	And maybe I do not want to grow up .
87324	LJ111438	positive	It is funny in a really twisted way .
60361	LJ111294	neutral	a professional sort of infatuation I guess .
null	LJ113329	positive	Hopefully you can catch it tonight !
132200	LJ111686	positive	Working alot and producing pretty pictures .
112944	LJ111442	neutral	Sitting in services near Harrow while Bruce gets directions .
367889	LJ112598	positive	I am game if you are , and will happily call on the day to confirm .
110607	LJ112081	positive	I am sure you are fine , sweetie .
40123	LJ112430	neutral	Ive made atleast twenty pros and cons charts , and they all seem to even out .
171479	LJ111673	neutral	All the raws for the site , everything .
110607	LJ112672	negative	Calling my boyfriend hotstuff in my journal ?
166574	LJ112397	neutral	Also , I drew the Jonas brothers .
43473	LJ111542	negative	just because you didnt get drum major , doesnt mean the band is going to be bad .
134089	LJ111355	negative	Wow , that was really horrifying .
17811	LJ111790	positive	So uh , I think I can actually go to LLLINKKK this ?
null	LJ113331	negative	That is definitely another show I will miss. .
166574	LJ112751	positive	Next time I promise I will give more notice !
570064	LJ111949	positive	Hahah , that actually crossed my mind when I posted them !
13495	LJ111395	positive	\* Hugs \* I am glad you are safe !
54481	LJ111894	positive	good to hear that you are doing so well and are happy now !
134089	LJ113088	negative	It sounds incredibly complicated and scary .
520040	LJ112491	neutral	Find me as Red Tango and add me as a friend .
54060	LJ112734	neutral	how weird , i met a guy named nick this past weekend and he is up here opening the aa store at northstar .
37203	LJ111421	neutral	But something \* did \* happen .
151978	LJ111643	neutral	if you will find erik there ... then you will find hermes there
921602	LJ112247	neutral	also LLLINKKK JONATHAN FRAKES !
374243	LJ111955	positive	However , I like `` indian '' music , so this fit into my existing likes .
111010	LJ113056	negative	o_o The main reason I have not gotten into World of Warcraft or things similar ?
136592	LJ113131	negative	it amazes me how stupid some women can be .
null	LJ113472	negative	Do not expect historical accuracy .
463584	LJ111990	positive	Yes , it does totally sound exactly like a sequel to a book called Among Others .
43468	LJ111305	neutral	I suppose this really just amounts to hanging out with the poetry kids more .
34168	LJ113081	negative	As for the countaryside , you ar n't far off on that picture , canturbury is full of hippies and students .
10260	LJ113127	neutral	Yeah , sending that one to \* everyone \* I know .
60253	LJ112948	positive	The only reason I am going is because it is free .
54481	LJ112010	negative	im about 10 weeks pregnant right now ... i took this extremely hard at first but i think im excepting it now .
null	LJ113277	negative	When tearing up hot peppers with your hands for dinner ... do not scratch your naughty bits .
11719	LJ112543	positive	\* g \* All in all I feel quite accomplished .
43473	LJ111638	negative	whats done is done , theres nothing anyone can do .
54481	LJ111424	neutral	My number is 208-371-7323 if ya wanna talk .
54481	LJ111789	neutral	It could be almost close to black .
88710	LJ112700	neutral	It has been a while , yes indeed .
111010	LJ112527	negative	I was also mildly ashamed when I got my PSP .
103458	LJ111382	positive	At least , in the end , she knew that people cared and that she was not alone .
34168	LJ112809	neutral	I saw a vegetarian version the other day , in a can .
49467	LJ111707	neutral	what should I doooo with these tickets ??
102168	LJ112596	positive	i think it is gorgeous as is .
434925	LJ112414	neutral	Although I would pick a good movie .
311581	LJ111422	positive	- hopefully going to be watching little shop of horrors with eric tonight .
367889	LJ112335	negative	Sorry you can not make it , but , yes , there will be others .
44612	LJ112631	negative	Crap , I have to get a passport , too .
368315	LJ111786	positive	If I see you there , great , but officially I am out .
44612	LJ111303	neutral	Still working the flight-points angle .
null	LJ113524	positive	RELATIONSHIP MEME Swift : Swift is a nice young man Wraeththu who was nice and gentle and listened to Jennifer .
93836	LJ112804	negative	I was going to filter this , but I will not be silenced either .
null	LJ113222	neutral	I remember nothing about it , though , other than the fact that it was involved in some way .
null	LJ113281	positive	I am immersed in rewatching S3 right now , so it seems like my life is Steele : ) .
34168	LJ113015	neutral	Also , Armoured Bears are l337 .
112944	LJ111900	neutral	Traveling together is a serious test of a relationship .
null	LJ113231	positive	Hi my name is Johanna WOW those icons are fantastic .
134089	LJ112983	negative	I have officially missed my flight !
null	LJ113241	negative	i dont use my journal much anymore tho :( so im kind of boring ... ill add you back ?
10576	LJ111943	neutral	It is hard to say ... as long as it is not toooo big !
37203	LJ112444	positive	The DOMA part I can understand , but the temporary memo vs order thing is just pure insult .
null	LJ113495	positive	Wow your icons look more beautiful every time !
null	LJ113260	negative	im a west aussie too and i may seem spastic for not getting it ???
103458	LJ111648	negative	[hugs] I know what this is like , Simba died of this .
434925	LJ112714	neutral	Seeing pirate radio at city center .
110607	LJ113051	negative	I bought her Centrum A-Zinc but she always forgets to take it !
112944	LJ112933	negative	Mr. Mochi is like Bruce , not much for looking at road signs if they do not tell him what he thinks they should .
218101	LJ111902	positive	I know some basic html and override stuff , but mainly it is just trial and error until I like it .
112944	LJ111859	neutral	He had looked at the map before we set out and insisted he knew where he was going .
37745	LJ113034	negative	As much as I might consider changing my store name , I will not out of fear of fickle buyers !
166051	LJ113007	negative	Only his icon is saving LLLINKKK IIIMAGEEELLLINKKK chime from receiving a package of scorpions via fedex .
60253	LJ112159	neutral	Go on a road trip with me instead .
47575	LJ112372	neutral	I did not post sooner because I did not want friends enjoying Anime Detour to have to deal with it .
43473	LJ112060	negative	I do not think the band will be good enough though .
8385	LJ111335	neutral	, and since John Gough is buried there , I went and did part of my presenatation at his graveside .
null	LJ113220	neutral	Add me if you are myspace.com/blackframes54
null	LJ113391	positive	(This is a good thing - if I have pissed someone off , I \* want \* to be called on it.)
570064	LJ111596	positive	And thank you for the comment : D.
463584	LJ111926	positive	It is good on its own , and it definitely pairs strongly with Among Others .
8385	LJ112903	positive	I usually walk around and attempt to read all the names on the old gravestones .
134089	LJ112224	positive	ANd that Portland is LOVELY in the snow ( even if the wind does remind me of the Borro chill . )
null	LJ113474	positive	She really , really wants to put you in a dress sometime , too .
88710	LJ113029	neutral	not in a creepy facebook kinda way , i just watch my friends updates a lot .
10576	LJ112799	positive	Acrylic or glass would be nice .
166574	LJ112643	neutral	It was just a spur of the moment thing .
111010	LJ111748	negative	If I ever get children , I will never buy a game console for them .
217919	LJ111570	negative	I would read it ... but I am not a PoT fan .
43473	LJ112103	positive	itll be fine , JC and I will see to that .
374243	LJ111714	positive	I like that stuff a lot , actually .
null	LJ113335	positive	Yes , by all means go get a copy .
40123	LJ111567	positive	see you in nyc \* if you decide to go \* ;)
311581	LJ112429	neutral	- still waiting for that jumbo braid hair to come in .
37745	LJ111523	positive	Things were slow last week as well , and at the last minute things still sold well .
null	LJ113360	positive	Yay for people keeping the Steele fandom alive !
null	LJ113237	negative	i would love to get rid of our cable ... celeste would never go for it though .
149695	LJ111547	neutral	I have noticed that with other shows too .
136592	LJ111130	neutral	all in one albino makeup : talcam powder lolololol
434925	LJ112857	negative	I totally never even made the connection that it 'd been changed though .
463584	LJ112981	neutral	I wanted something that sounded dull ...
40123	LJ111679	neutral	I am taking a hiatus from the online world .
88710	LJ112433	negative	My brain has been persnickety lately about what it chooses to accept as imperative .
null	LJ113420	neutral	a native of the arid region of Western Australia .
57654	LJ112001	neutral	LLLINKKK ( pics from LLLINKKK Costume Network ) Related : LLLINKKK The brokers with hands on their face blog .
null	LJ113587	positive	We even had the same birthday (just not the same year of birth) !
10576	LJ112255	negative	I will be a guinea pig for the project .
null	LJ113507	neutral	I just wanted to post from my new laptop .
54481	LJ113017	positive	I have so much happiness with him .
134089	LJ113179	neutral	In a week and a bits time I get my finger prints taken and then Im on the road to staying here proper !
520040	LJ111951	neutral	I am there , under Red Tango .
47785	LJ111891	negative	No , that is not true at all .
113717	LJ111365	negative	I do not have any real life goals either .
43473	LJ112613	negative	I was extremely upset last night about it ... But your right ..
47575	LJ112661	negative	I am sorry this offends people .
130518	LJ112848	negative	If only I had the funds to waste invest in geeky collectables modern art .
93836	LJ111654	negative	He can see the danger and risk in this policy , and the damage it has caused to women and families .
311581	LJ111276	negative	lol well i am sure it does not help that he pulls off that hybrid Marx-Castro look so perfectly :D
43473	LJ113001	negative	dont even start complaining about her anymore .
null	LJ113352	negative	The mind-fuck part is terribly painful .
null	LJ113536	neutral	Having conversations on eljay , when we are both on MSN !
65401	LJ111264	negative	I CAN NOT SEE YOU THROUGH THE SMOKE ! ''
374243	LJ112090	positive	Basically the most famous Turkish pop star from the 70 's as far as I know .
12523	LJ111246	negative	It is been what , 18 months since we accidentally ran into each other downtown ?
60253	LJ112485	negative	I did not even know there was an after party !
60361	LJ112640	negative	gacked from maya cus i am bored too Scan my interest list and pick out the one that seems the most odd to you .
559543	LJ112687	positive	Wow , this is so much better with the commentary .
151978	LJ112806	neutral	\* does the bitches hand motion \*
115956	LJ111122	positive	wait , ill dress it up in my love .
null	LJ113542	positive	How do you feel about patio drinking , BECAUSE I FEEL GREAT ABOUT ITTTTT
54060	LJ111463	negative	sorry i missed the last couple shows you told me about .
110607	LJ112760	negative	I can not go to a doctor , I do not have insurance .
10576	LJ112788	neutral	ok im making them what diameter and ribbing general shape do you want ?
44612	LJ111887	positive	I wish you could come visit and play Monopoly right now .
115956	LJ112460	neutral	this girl better not flake on me because I WANT THAT PUPPY !
88710	LJ112950	positive	:D I hope everything 's going fantastically for you !
10576	LJ112541	negative	;-) please screen or delete this comment .
151978	LJ111120	positive	I am 's still yo friend grrrrl .
43473	LJ112678	negative	Some posts seem to serve no purpose but to make people pissed .
47785	LJ112356	negative	I was going to say fear gas is probably illegal , but i am assuming LA hasnt gotten the memo yet to pass that law .
102168	LJ112111	positive	:) and thankyou , i am glad you like my stuff .
37745	LJ113049	negative	This was a slow week right from the start .
367889	LJ111222	positive	Well , I am also game for rescheduling for a later show , if it will facilitate BN 's presence .
570064	LJ112713	positive	Oh man I am getting re-pierced soon and I am pumped !
60253	LJ111161	neutral	Cakes , why do they all look like cakes ?
88710	LJ112270	neutral	Instead of a symmetrical grid of days , calendars now seem like a hopscotch game in which everything is simultaneous .
463584	LJ111136	positive	I look forward to reading it .
110607	LJ112165	negative	I not sure I just know something is not right .
100960	LJ112044	positive	I am bringing my gigantic tent , and so far it is just me in there ... if anyone is desperate , and I like them ... :)
132200	LJ111890	neutral	What mac Counter are you looking to work at .
6093	LJ111490	positive	i had like to always read ur latest on goings okay .
171479	LJ111741	neutral	so all the raw data would be still there if you used recovery software .
247111	LJ111361	neutral	LLLINKKK Explanation and Issue No. 1 here .
570064	LJ112236	negative	I edited them out , because I was n't wearing clothes .
10576	LJ111211	neutral	please email me direct at sextrumental@gmail.com .
37203	LJ111333	negative	Looks like the Post got it wrong .
108959	LJ111443	negative	We watched that show for about a minute , and we just could not stand it .
60361	LJ112913	positive	the drawings are obviously breathtaking .
34168	LJ112004	positive	I suppose you could put canadian bacon in kraft dinner and then you had \* really \* be rocking .
113717	LJ111398	positive	\* sends XTREME hmv luck \* many luck to YOU !
null	LJ113544	negative	But you havent added me back lovely !
null	LJ113384	positive	She playfully flirted with him ( ... I think .
44612	LJ112463	positive	:) The fuzzy babies say hi , hehe .
47785	LJ111931	neutral	Yeah for the most part , but I am sure taking whatever crank makes isnt entirely legal either .
43473	LJ111520	negative	It is her journal , I am pretty sure she can post whatever the fuck she wants on it .
134089	LJ112833	negative	But yeah , you can not feel too dirty when there are horrors like that out there .
8385	LJ112600	neutral	Spent some of yesterday at the Hope Cemetary in Worcester .
null	LJ113287	neutral	Which was , as you might expect , kinda twisted .
149695	LJ111658	neutral	Your post made me remember a Madtv parody skit of it .
311581	LJ112686	neutral	i should have called the cops .
113704	LJ112765	positive	hahahahahaha I fucking love Maury .
88710	LJ112928	positive	I love the soft wrinkles leather gets after it is been through a lot .
171479	LJ111553	neutral	; ____ ; \* hug \* Was it a full format or a quick format ?
103458	LJ112875	neutral	So I made an appointment for later in the afternoon .
37203	LJ112744	neutral	The Advocate is reporting that this will not be an executive order .
34168	LJ112139	neutral	At least , wiki tells me it is a hat , but it seems to be a french-canadian word .
60253	LJ112534	positive	And Tess you are going to prom too on the same day as us as well .
149695	LJ111336	neutral	now both hulu and the main site only have clips and bits of the last 2 seasons .
113717	LJ111905	negative	I am not very amused lately ... just in general .
368315	LJ111391	neutral	Maybe flipping them around and seeing `` Sanjuro '' first is the way forward , then .
311581	LJ111343	neutral	and about eric 's beard ... i know , eh ?
null	LJ113258	positive	This is to say : trolling successful !
34168	LJ112659	neutral	LLLINKKK I could eat the streets with a spoon , boy howdy .
null	LJ113479	negative	i was already having dinner with ara and he did not want to go .
127926	LJ111128	negative	Why could I not have taken a pic w/o him looking me dead in the face ?
11719	LJ112514	positive	( finally catching up ) I really enjoyed meeting you , and of course I do not mind !
47575	LJ111131	neutral	My thoughts are with you and your family .
112944	LJ111803	positive	I have been meaning to write , wondering what is up .
null	LJ113425	negative	:> at least my memory says I have , just not on the receiving end of your brand of surgery for it .
53298	LJ111183	neutral	With some small ( albeit notable ) exceptions , senior year at Poly has been the pits .
103458	LJ112926	positive	I lived with her and we enjoyed each other 's company so much she felt like mine .
60253	LJ112778	negative	O.o I think you are just a quitter !
null	LJ113516	positive	hi hi ... thats crazy ... nice to know you have balls ..
171479	LJ112702	negative	I was just thinking , since they were debound , that I did not have much use for them .
47785	LJ112670	negative	You , uh , obviously have not been following my journal ..
134089	LJ113074	neutral	I have a lot of clutter , but it is all clothes and comic books .
88710	LJ111835	negative	How interminable are words if they reach nothing .
115956	LJ111745	negative	I really hope this girl isnt ( for some unknown psychotic reason ) dragging me along for nothing .
921602	LJ111784	neutral	THAT IS NOT RIKER 'S MAHOGANY MANBEARD .
null	LJ113368	negative	) I am not sure I had sign on to the Marxist part of your definition of radical feminist .
34168	LJ112627	negative	No , not yet , but I will not see the movie before I read the book - promise !
43473	LJ111413	positive	stacy will be amazing at it , mrs hill , carder , and i have confidence in her .
null	LJ113512	neutral	Grabbing some Enchanted and Kiera icons .
null	LJ113395	positive	let me know if you are interested ... i have not been to one yet , but they seem fun from the photos !
100417	LJ113064	neutral	hey have you seen that facebook message i sent you ?
434925	LJ111805	positive	Heh , the DVD is good too - has fun special features .
368315	LJ111565	neutral	Ok , I am almost ready to leave .
87324	LJ111996	positive	Bad company is the best kind !
108959	LJ113022	neutral	It is like a never ending `` High Fidelity '' .
null	LJ113440	neutral	Hassium 's written the first chapter of her book !
136592	LJ113188	neutral	does it make you lose weight as well ?????
254047	LJ112820	positive	Glad you are feeling well enough to use it !
100960	LJ113071	positive	muwahahahhha that is all \* saRa \*
102168	LJ111196	neutral	Someone posted this in a poetry community with a link to your journal , which is how I came to be here .
149695	LJ112912	neutral	Yep , checked there right after checking the main survivor site on cbs .
43473	LJ113125	neutral	And he knows what hes doing ...
112944	LJ111453	neutral	When I woke up , I looked out the window at a road sign and asked him why we were in England .
463584	LJ111113	neutral	What do you think of Beside Ourselves as a title ?
null	LJ113325	neutral	the country needs some mising nowadays .
559543	LJ112017	positive	I like the way this guy says `` cock . ''
null	LJ113312	neutral	do you have plans RIGHT after work tomorrow ?
112944	LJ113068	positive	That made me giggle ; it is so familiar .
43473	LJ112828	positive	stacy is going to be an amazing drum major .
112944	LJ111867	positive	Only having one real argument is a huge success .
100417	LJ111419	negative	try ebay , otherwise try richer friends .
10576	LJ111976	negative	Sorry it took me so long to reply , I hope you have not given up on me .
null	LJ113493	neutral	Ditch LLLINKKK IIIMAGEEELLLINKKK jonico and add me :P I had to have this name .
47575	LJ112379	positive	My best wishes to both of you .
54060	LJ112299	neutral	north star mall , but there is also going to be on at la cantera later on ...
54481	LJ112031	neutral	I know most of the other wives , sees the other kids ..
171479	LJ112326	negative	Embarrassingly , I can not say for sure , but a quick format may have just wiped the file index ..
119996	LJ112416	negative	especially the musicians ... still a bit saddening , though ...
6093	LJ111852	negative	I know , I am just terrible at updating my journal !
218101	LJ112007	neutral	sureal ... meaning the flowers , gretchen .
132200	LJ113145	neutral	that sometimes helps ... sometimes does not .
8385	LJ111731	neutral	This may sound odd , but I like cemetarys .
34168	LJ111768	positive	Books start off relatively short and ` easy ' reading and get progressively darker and more mature .
null	LJ113589	positive	Love how you drew the slightly-neurotic-and-buzzed-out face .
110607	LJ113123	positive	I want to try to get a job at Starbucks because they give coverage to all their employees .
422182	LJ111149	neutral	-- For Week One over at LLLINKKK IIIMAGEEELLLINKKK brigits_flame .
269854	LJ112290	negative	Two days I could see , although it would not be worth it .
13495	LJ111296	positive	I am one of the lucky ones who had a place to go that is not on fire and is not a random shelter .
134089	LJ113165	negative	I am sorry to hear that keeping up with technological progression is being especially irritating .
34168	LJ111763	neutral	But yeah , start off with the Northen Lights and see what you think .
218101	LJ112901	positive	and i like to hear a bit more about you !
108959	LJ111971	negative	They really need to rename it Scott Baio is 45 and a Douchebag , or just Scott Baio is a Douchebag .
54060	LJ111385	positive	my ex used to be a manager there !
254047	LJ111858	neutral	The one catch : you pick up the free pass from me , rather than me deliver it to you .
108741	LJ111934	positive	But at least you got a bottle of vodka out of it .
100417	LJ113175	positive	Please , if you could help me out and recommend what I should do ... that would be amazing LLLINKKK IIIMAGEEELLLINKKK
null	LJ113346	neutral	\* orz \* Edited at 2009-12-28 12:20 pm UTC
44612	LJ113032	negative	I would not let \* you \* see my bathroom right now , let alone Mom , God forbid , lol !
134089	LJ111518	positive	Congratulations on missing your flight , Matt !
null	LJ113213	negative	HOT\/NOT MEME Gai : ... ... ..
141436	LJ112177	positive	Happily the lovely and talented Mama Rains makes it better , with icing and rest and adjustment .
463584	LJ111876	negative	Music : No music , not sure why , just did not feel like RSI : How about some nice exercises ?
null	LJ113373	negative	And I was talking about my friends stupid .
43473	LJ111454	neutral	and yes , mrs hill said so , i talked to her .
null	LJ113501	negative	Hm , well YepRoc 's site is not online right now .
null	LJ113430	positive	U betcha , hence the name `` Sandgroper '' Sandgroper = West Australians :)
149695	LJ112749	negative	I can find them online for free but the quality is TERRIBLE !
null	LJ113444	neutral	You read my adiml (under user blackframes54) add me under mozabilly54 as that is the journal i post at .
269854	LJ111880	negative	That is a precident that will destroy the company .
100960	LJ111289	neutral	Also you should be making sure supplies are taken care of before as there is only so much time left
null	LJ113477	positive	but i do love my project runway .
null	LJ113206	neutral	422 7985 call me at work one of those days if you will be in town !
108959	LJ112621	positive	That is why I love the show ... because he is a complete asshole .
null	LJ113255	positive	She thinks he is courageous and very honest , which she likes .
103140	LJ111179	neutral	but did your clothes get clean ?
34168	LJ111504	neutral	a rumba for roadways and a sparkler in every fist !
127926	LJ112737	neutral	FUUUUUUUUUUUUUUU i would have killed to see that .
134089	LJ113185	negative	Oh man that realllly does not appeal to me .
103458	LJ112403	negative	But no , new job was not all that sympathetic to my plight .
136592	LJ113178	neutral	thin lizzy is also a body lotion and slimming body bronzer !
50595	LJ111651	neutral	I just wanted to say I am not dead .
178715	LJ112508	neutral	I live very close to the norwegian wood place !
110607	LJ113041	negative	I have been feeling very sick in the last year or so , and lately it has gotten worse .
null	LJ113246	neutral	hey , saw that you were going to gma on Friday so i wanted to say hi !
47575	LJ112502	neutral	The title sums it up - I really do not have any words , but the words of others .
559543	LJ112186	neutral	Some dude created what is likely the most difficult custom levels for the original Super Mario Bros. .
11719	LJ112457	positive	In fact , I am going to add you too .
254047	LJ111509	neutral	And you have to use it ( or start using it ) by Sunday .
127926	LJ111192	positive	Tell him it is because he looks so awesome .
53298	LJ111828	positive	that was truely one of the highlights of this year .
null	LJ113602	neutral	AND SERIOUSLY , COME VISIT ME .
40123	LJ112149	positive	but my AIM is still up if you want to talk : letskillmichelle
100417	LJ111885	neutral	Should I try to get a store to buy it from me ?
null	LJ113608	positive	Turning on the tv and spacing out is waaaayyyyy to easy .
102168	LJ113162	neutral	ha , Australia :) Both an island and a continent ( continents are just islands that are harder to leave ) .
44612	LJ111359	neutral	Man , the last two months just flew .
null	LJ113490	positive	hey its tj , if you care to add me you may ^_^ miss ya
12523	LJ112054	neutral	Oh , and Eryk Brian has to close Saturday night but I should be able to come on Saturday .
136592	LJ113011	neutral	It helps put a bit of color on their faces !
643810	LJ112238	negative	I am having a few tears over here .
50827	LJ111939	positive	In this LLLINKKK excellent piece , Annie Proulx opines on her Oscar-night loss .
29066	LJ111793	neutral	I think LLLINKKK IIIMAGEEELLLINKKK kingthunder did .
40123	LJ111636	positive	Better Luck just paying me to fold your laundry .
226553	LJ111145	positive	\* can still make it \* =) Boy , if you had changed dates a week later and I had probably be booked = P
171479	LJ111159	positive	And here I was looking forward to gaming time once the kids started school =/
43468	LJ113093	neutral	At the very least , you will pick up the vocabulary of the field and sound like you know what you are talking about .
218101	LJ111602	positive	yesssss , livejournal layouts 4lyfe .
37745	LJ112383	positive	You really only need like two bidders .
88710	LJ111528	neutral	always remember ; We must go forward , not backward .
65401	LJ112075	negative	add me you sonovabitchhhhhhhhh
134089	LJ111322	positive	Its shows like this that have turned me into a clean freak !
94889	LJ111176	neutral	it is called the `` Striped-Pajama Squid '' ( Sepioloidea Lineolata )
100960	LJ111761	positive	and this might be funny too !!
141436	LJ112348	positive	I am pretty sure that Eric has some work for you laying down ;)
null	LJ113270	negative	They were easier to find , but not alive to press charges against .
44612	LJ111538	positive	March is really nice in Texas , it is before it gets too too hot , but it is still nice out .
34168	LJ112861	positive	Got to love the idea of night bouquets , as cheeky as they are .
54481	LJ112883	positive	He makes me smile in the morning. , over a cup of coffe ..
28944	LJ111310	neutral	Here it is : LLLINKKK Zeitgeist
100960	LJ113076	positive	tent-owners should be asked , it is the right thing to do !
134089	LJ112426	positive	I have been helping Erika alot with her huge amounts of work shes take on , and generally settling in .
434925	LJ111750	positive	Anyways , i am excited to see me some jack dav :9
136592	LJ112579	positive	that is so great i want THAT LOOK FOR ME .
87324	LJ112837	positive	I wish you are feeling much better now , RQ .
119996	LJ111642	neutral	see you at mitsquana 's tomorrow nite then ???
112641	LJ112910	positive	sweet and savory :) and every single ingredient in it was local !
88710	LJ111203	positive	i still check on a regular basis .
40123	LJ112287	neutral	It is all up to you , really , but before I had gotten into Parsons , i was in the same situation .
166574	LJ112341	negative	Sorry about that guys , I swear I wasn't ignoring you all ! ).
335545	LJ111256	neutral	I take the MCAT in a few weeks .
93836	LJ112455	positive	He really does make good on his promises !
103458	LJ112808	neutral	I went through the same thing with Cocoa , my ex-girlfriend 's cat .
132200	LJ113152	negative	Well Friday is my birthday ... im not really sure whats going on ... probably not too much .
171479	LJ112311	negative	Only problem is , after I set up the recovery , it got the files just fine ... they are just corrupted .
463584	LJ112560	negative	Does not it sound totally like a sequel to a book called Among Others ?
34168	LJ112529	positive	Hop splash your way to victory !
43473	LJ112425	neutral	and so does carder , which is why he picked her .
368315	LJ111690	positive	Someday , I hope to say hello ( says the guy who works nights ) .
218101	LJ112129	positive	remember the ones you used to make me forever ago ?
134089	LJ112468	negative	It is not especially fulfilling work , but might fill the gap until you find something in Games .
null	LJ113605	negative	But it is close enough for an end-of-year poll .
47785	LJ112293	negative	As far as my knowledge goes , whatever Crank makes is not illegal .
null	LJ113610	neutral	` Let him who is without sin cast the first stone ' .
60253	LJ112650	positive	Danielle I believe prom dresses are made in order to advertise cake , yes cake .
311581	LJ113058	neutral	- went out in the crazy sleet yesterday and came back with new boots , allergy pills , and hair bleach .
100417	LJ113187	neutral	Otherwise ... find a shoujo fan that wants to buy it off of you ?
25267	LJ113120	negative	Im just having a little spring clean and noticed that you dont update so much .
25267	LJ111781	positive	Dopplegangers XD I really like your photos , I love the coloring .
103140	LJ111172	neutral	the LLLINKKK seventh generation LLLINKKK and LLLINKKK bottles are the same color .
463584	LJ112563	positive	I had be thrilled to be writing anything that can be compared to Simak .
113704	LJ112581	negative	Those people are just bored , no life-having idiots who have nothing better than to bitch about someone elses life ..
112641	LJ111969	positive	add as much as you want ) bake for 1 hour at 350 it was seriously delicious !
127926	LJ113046	positive	Even my white boy dreads were not that bad .
132200	LJ112344	positive	Hanging out with good friends more ... ( kimmy we need to set a date ! )
226553	LJ111224	positive	( I shall make this clear on a.f.p and cam .
8385	LJ113004	neutral	It was a celebation for the Cemetary ( odd , ain't it ? )
43468	LJ112285	neutral	I feel like I need a primer just to talk to some of my friends here .
127926	LJ111650	neutral	There I was , picking up green beans for tomorrow and EPIC FAIL HAIR .
60253	LJ111174	negative	This year 's prom dress assortment is a fabric realization of what can only be described as Betty Crocker 's nightmare .
100960	LJ112810	neutral	nah man you can come and stay with me .
103140	LJ112940	negative	and then never really looked at it closely again until i had had bought `` more '' .
87324	LJ112692	negative	\* squee \* Too bad Willem Defoe 's not in it , though .
570064	LJ112794	neutral	I am sending Mike the unedited ones , though :o :) .
115956	LJ111426	positive	BUT AWWW , that pom is sooo adorable .
100417	LJ111146	positive	I took a picture of all the manga I am giving up .
43473	LJ112785	negative	i could have told u that a looooooonnnngggggggg time ago darlin !
null	LJ113409	positive	And turned it into a piece of art of only the highest caliber .
12523	LJ112898	neutral	So ... what are people doing for Thanksgiving ?
335545	LJ113159	negative	DAMMIT , you got to it before I did .
57654	LJ112274	positive	LLLINKKK City of Ember is a nice little film .
null	LJ113591	negative	Whatever , it is all too confusing .
136592	LJ112220	neutral	have not you ever seen those ads for thin lizzy ?
254047	LJ111212	neutral	Oh if I were actually in the same state as you ...
11719	LJ112830	positive	Sounds like you have been busy with good things .
463584	LJ112585	positive	That sounds like a good title idea .
367889	LJ111484	neutral	... Mifune during his first Kurosawa ?
368315	LJ113168	neutral	I could probably go for Yojimbo/Sanjuro on the Wednesday night .
null	LJ113375	positive	(we 'll agree on a maximum of 3 topics for time allowances sake this time ..
33149	LJ111974	negative	Hey i am not sure i will find out for you now .
100960	LJ111675	negative	I am going to steal your kitty and then all of your toys !
null	LJ113210	neutral	this week is ` mittens and mai-tais ' that is in pasadena on Sunday night .
29066	LJ112231	neutral	I am here because LLLINKKK somebodyorother demanded I come see this comic .
103458	LJ111337	negative	Long story short , our cat was having trouble breathing the other night .
112944	LJ111208	neutral	So , we are spending a couple of months in Wales , with Mr. Mochi working at Cardiff Uni .
null	LJ113235	positive	:) I just know I will be so much more productive than I am now .
34168	LJ111575	neutral	this is what your countryside makes me think of : : : .
102168	LJ112085	neutral	\* she photoshops out a gap in her chipped tooth a gap that she can whistle through \*
94889	LJ113005	positive	And that cephalopod you posted is the cutest thing ever .
171479	LJ112896	negative	It is terribly frustrating to be able to see every .
103458	LJ111155	positive	: : hugs : : i am so sorry hon ..
44612	LJ111418	positive	ps I really want to meet your hub and furry babes !
171479	LJ111779	negative	But I was considering giving pages away for donation prizes , but that is sort of shitty , is not it ?
null	LJ113306	positive	but if someone wanted to , id be up for it .
34168	LJ111920	neutral	Is it true what i have heard though , that in canada you can buy milk in bags ?
54481	LJ111257	positive	I find it difficult not to be happy with him .
10260	LJ112133	positive	Now I am sure many of you have seen this one ... If you have not , you should .
111010	LJ112022	positive	More consoles means you buy more games for them .
43473	LJ111556	positive	im sure he had be FASCINATED to hear about it .
6093	LJ112080	neutral	I viewed ur creative designs of typography at the community of jr __ nal @ lj .
218101	LJ112014	positive	Wow I love the new layout , it is so homely :D
34168	LJ111515	positive	I read a bit on the site and it looks very much up my alley , as far as my taste in fantasy fiction .
119996	LJ111479	positive	i refuse to cull them because they fascinate me , and somehow still put up with my shit on their friends page daily .
null	LJ113341	neutral	And I meant ghosts that just go around haunting houses and stuff , not spirits sent from God .
null	LJ113382	neutral	I am going to be starting my pre-reqs for OT school this fall .
108741	LJ111854	neutral	prince of time and space maybe ...
null	LJ113462	neutral	Geffen is donating millions to a terrorist ?!
87207	LJ112279	positive	i \* heart \* that user pic and the hot hair cut xo
null	LJ113600	neutral	and i justed posted on local-83 and someone said they were coming around 3-4ish .
463584	LJ112410	neutral	Made me think of it before I had even read anything else in the post .
134089	LJ111230	negative	and happened to see the most horrific flat I have seen in my life .
null	LJ113423	positive	: P) I will e-mail details if you prefer ..
570064	LJ111452	neutral	Of course I read your journal .
112944	LJ112973	neutral	He is let me navigate ever since .
113704	LJ112571	negative	I want to be on this show so bad .
6093	LJ112393	positive	u should put some effort on updating more frequently .
null	LJ113250	neutral	I want to laugh and cry at the same time .
11719	LJ111140	negative	I did get to talk to you a little !
127926	LJ112281	positive	I will admit that I was gobsmacked for a good minute .
110607	LJ112816	positive	Let us hope I am okay and it is just stress .
141436	LJ111999	negative	But right now it really sucks to be sitting at my desk .
43473	LJ112339	negative	\* cough \* it sucks that you did not get it , but there could be lots of reasons why .
11719	LJ112891	positive	It would be nice if you are able to update this more than once every four months .
null	LJ113522	positive	Are you sure that would be great ?!
134089	LJ111759	positive	I will try and get back into the posting habbit .
44612	LJ112975	neutral	Hehe , You need to come down here !
921602	LJ112353	negative	I have no idea what is going on anymore in the world of television , I am so lost .
149695	LJ112063	negative	Unfortunately , I had only seen 14-19 and Matt had only seasons 18 & 19 .
60361	LJ111924	neutral	The boy was someone from school and I googled the hell out of him .
null	LJ113356	positive	so now i have a suprise for Hassium on Monday .
113717	LJ111164	negative	I know how you feel , I just graduated and finished my job so I am an unemployed nonstudent bum with no aims in life .
108959	LJ111124	negative	Some of the snakiest people on the face of the planet ...
102168	LJ112475	positive	however your journal seems like a good thing , so why not .
null	LJ113486	neutral	Hi , I saw your post in the selfportrait community .
37745	LJ111752	neutral	Too late to list coats and too early to list dresses .
null	LJ113358	neutral	They always show it again at 7\/6 central on CNBC , or MSNBC , or one of those channels .
94889	LJ112863	positive	illustration-y tattoos are so much better than stylized ones .
141436	LJ111764	negative	Why can I not work laying down ?
null	LJ113408	neutral	how early are you going to get there ?
145409	LJ112261	neutral	LLLINKKK IIIMAGEEELLLINKKK kobold wrote in his lj about Disney releasing Song of the South .
87207	LJ112466	positive	I think that everything will be ok ... I have this FEELING .
11719	LJ112317	positive	Hopefully I will catch up at some point !
643810	LJ112684	positive	this is one of the sweetest things I have ever seen .
null	LJ113482	positive	So , there are apparently idiots in other places , but it is interesting that they are all in northern climes .
null	LJ113304	neutral	`` My friends are of all races , social backgrounds , religions and sexualities . ''
119996	LJ111591	negative	i am not sure if i blame him , considering i am not very responsive to some of his entries .
34168	LJ112477	neutral	Time to write love letters to concrete !
10260	LJ111982	positive	\* hugs \* thanks for the morning funnies !
136592	LJ111371	neutral	Basically it is the same premise ( I think minus the greasiness and lip-colour claims ) , like a 5-in-1 powder .
111010	LJ113095	neutral	I had spend less money that way .
100417	LJ111935	positive	But I had like to know what I should do with it .
367889	LJ111245	neutral	It 'd have to be the one of the two latter showings if I \* did \* go , since I have other commitments on Saturdays .
null	LJ113414	positive	hes not the best but he is good .
null	LJ113318	negative	Then I will not be the only one left out of the celebrity gossip\/tv show discussions .
136592	LJ112151	positive	Plus it makes everyone so shimmery .
null	LJ113433	negative	Meghan and I have decided to get rid of cable tv because it is a total time suck , and it is making us stupid .
335545	LJ112869	positive	methinks that 'll work best for when I am done .
88710	LJ111619	negative	Kind of a boring answer , I suppose .
113717	LJ111363	negative	I did not have time to drop by P&T today .
null	LJ113499	positive	Well it is more fun this way - having shared my pain .
43473	LJ111797	positive	As long as the band does fine , it does not matter who is drum major or section leader .
11719	LJ112723	negative	I have not exactly been gone , but I have been pretty busy .
112641	LJ111209	positive	i had love to hear about what other ones you try and what you think of them !
88710	LJ111377	negative	I have been losing time all over the place lately .
226553	LJ112990	negative	I am making a purely selfish decision to change this to the 22nd for rather arbitrary reasons .
37745	LJ113031	neutral	Click over picture to visit auctions .
53298	LJ111404	positive	its going to be oodles of fun .
null	LJ113469	neutral	so what good deal can you give me ?
40123	LJ112156	negative	But dont take my word for it , im just a fucked up little girl .
93836	LJ112726	positive	I literally shrieked ` HELL YES ! '
null	LJ113527	negative	Yup , you got it , I am so lonely !
136592	LJ111957	negative	Ordinarily I do not let anyone else near my face with makeup .
374243	LJ111948	neutral	We need to feed you up on some Bangra music , and then teach you the Indian Light Bulb Dance .
54481	LJ111863	positive	Me and Patrick are doing well , it is nice and calm .
53298	LJ112472	neutral	hey , you gonna make it to our show the 25th ?
43473	LJ112473	positive	i have absolute confidence in her .
54481	LJ111431	neutral	in the sunny Virginia beach ..
93836	LJ112419	negative	We tried to overthrow our Prime Minister , but he went crying to the Governor General .
49467	LJ111728	negative	BUT , I really did want to see The Hush Sound and I wanted to take Tianna but she hates them ..
null	LJ113567	positive	Lol yes well everyones beloved joe is makeing his return .
10260	LJ111330	positive	Ooh I love you for posting this :)
null	LJ113200	negative	... would a thief do something this dangerous and stupid .
141436	LJ111622	positive	I consider myself lucky I rarely get PMS unless I am already hurting .
88710	LJ112265	negative	I am not sure if anyone even checks my journal to see if I post anymore .
88710	LJ112708	positive	Not boring at all -- wrinkles do not get enough appreciation .
108959	LJ111929	positive	This is one of the greatest shows ever made .
null	LJ113266	negative	All I said was `` i dont like u '' and you bring up every wrong thing I have done since you met me .
111010	LJ112214	neutral	Another series would show up anyway .
134089	LJ111346	neutral	Perhaps we should have a BBC reality tv afternoon ?
47785	LJ112253	neutral	How 's the rooming with Creepy going ?
53298	LJ112666	neutral	Who wants to go camping in Two Harbors at Catalina Island ?
100960	LJ111850	negative	Fez and I tryed all weekend with no luck .
37745	LJ111213	positive	And you are right about the season .
136592	LJ113044	negative	I like how it does not even look like they are putting the product on their faces .
100960	LJ111367	negative	I do not so make sure you have your own sleeping arrangements such as a tent .
null	LJ113427	positive	Richard Powers is a brilliant writer , is not he ?
368315	LJ111961	neutral	Aargh ; I have been told tonight will probably go late .
434925	LJ113065	positive	Wow , it is like a light has just been turned on !
93836	LJ112329	negative	I was holding my breath , hoping it would not be left forgotten , or on a list of things for him to get to later .
434925	LJ112173	negative	I was truly flabbergasted , and a little disgusted with the state of humanity when I saw them .
570064	LJ112648	neutral	Give me back my industrials , my cartilages , my tragus !
103458	LJ111735	negative	Before 6 o'clock , Brian and I had to go in and say goodbye , because there is no treatment for feline leukemia .
921602	LJ111348	negative	oh my god you guys can we talk about that episode of criminal minds ?
null	LJ113418	neutral	Check off the ones you have read too (not just in 2007 , but anytime) : LLLINKKK View Poll : Bandwagon book poll
127926	LJ112611	positive	Epic does not even begin to describe it .
null	LJ113481	neutral	Let me know what you think of it !
44612	LJ111409	positive	Good thing there is a computer to procrastinate with .
null	LJ113455	negative	heeeey , i didnt get your message in time !
110607	LJ112271	negative	I have bad pains in my back and feel tired a lot .
50595	LJ111447	neutral	Spackle your openings in anticipation of my return .
60253	LJ111501	negative	THEREFORE , you should not go at all .
43473	LJ111743	positive	Carder 's plans usually turn out okay ..
115956	LJ111459	negative	i will never ever dress that puppy .
166574	LJ112506	positive	Also , that looks exactly like the one Jonas brother .
367889	LJ111357	neutral	Drunken Angel on Saturday anyone ?
8385	LJ111720	negative	It was my first visit to his grave , and felt a bit eerie , since I feel such a stron connection to him to begin with .
218101	LJ112549	positive	I plan on updating more often , I was MIA for a while .
463584	LJ112169	positive	I really like it that both of them are phrases that one slips into sentences , modestly clad in a pair of commas .
44612	LJ112667	negative	There is so much housework to do I just want to cry .
340641	LJ112965	neutral	LLLINKKK There was a beach , and it was rocky , and I stood on it .
57654	LJ112307	neutral	LLLINKKK Skinny Puppy is headlining LLLINKKK Festival Kinetik !
10260	LJ111215	positive	AAAHAHAHH OMG Dick in a Box is awesome .
10260	LJ111389	positive	I , too , will be sharing it w/ everyone I know :)
34168	LJ112921	positive	especially while looking for growing things !
null	LJ113301	positive	So I sketched up another to make him happy .
null	LJ113315	neutral	If you were into Blazblue , I had suggest Bang Shishigami .
37203	LJ112097	positive	But now maybe Congress will do the right thing after all .
11719	LJ113115	positive	: : waves wildly : : Glad you are not , like , holed up in a cave somewhere , eating beetles .
null	LJ113244	positive	She finds his reactions cute and amusing .
65401	LJ111889	neutral	that is you before makeup , is not it ?
127926	LJ112020	positive	Especially since the guy would have been ridic attractive had he JUST SHAVED HIS HEAD OMG .
111010	LJ111688	positive	I have admitted to myself that I am getting this system almost entirely for Kingdom Hearts .
103140	LJ112387	negative	i made the mistake when buying it off the shelf , and got two bottles at the time ..
11719	LJ111235	neutral	Somebody else was asking me about pictures recently too .
254047	LJ113083	positive	It is a fairly deluxe health club , with pool , steam , sauna , free towels , etc. .
103458	LJ111659	negative	i know how bad this hurts :(
463584	LJ111773	neutral	Also makes me think of doppelgangers !
130518	LJ111967	positive	Do not miss the last photo in the eBay listing .
50595	LJ112719	neutral	hey vince let us go to berlin .
null	LJ113421	neutral	i had probably vote for you JP .
34168	LJ111228	positive	It is like poetry in picture form , complete with some very nice soft shadows .
43473	LJ112038	positive	you know , beacuase theyre fit for the job , theyre the best qualified , and everyone knows that they can handle it .
13495	LJ111870	neutral	So , we had to evacuate our town on Monday .
37203	LJ112360	positive	It is not all that we would have wanted , but it is more than ever happened under Bush .
34168	LJ112523	positive	indeed , french canadian , and a cat for good measure .
434925	LJ111143	negative	I knew there was something off sounding about the title .
113717	LJ111114	positive	:D I intend to be one someday .
null	LJ113399	negative	Sad truth of life , my dear ... The best male friends I have ever had were gay .
6093	LJ112967	positive	Your ` idiosyncratic ' photos are beautiful by the way .
null	LJ113275	positive	(IOW , I think he might be a Nice Guy(tm) .
113704	LJ112576	negative	omg , someone said what an ugly baby I have in there ... how mental can you get ?
88710	LJ111921	negative	( Botox really freaks me out ) .
110607	LJ112370	negative	I have been getting depressed out of no where some days .
434925	LJ112639	neutral	Ew , why would you queue for Twilight ( it is not like it is going anywhere ) ?
null	LJ113310	positive	:> I am pretty sure I have been there ..
44612	LJ112399	positive	And the kitchen really is not bad right now .
463584	LJ112191	negative	Does not seem likely that there would be any confusion .
113717	LJ111671	neutral	Maybe tomorrow before I meet Matt at Phibbs .
34168	LJ112072	positive	Nightcrawling in cities is a wonderful thing if it can be done with relative safety .
null	LJ113401	negative	I AM GOING TO NAME MY SEWING MACHINE , SO I CA N'T SAY MUCH , REALLY .
226553	LJ111530	neutral	\* when I get around to posting reminders .
null	LJ113190	positive	Yea I need bang trim like hella .
6093	LJ112959	neutral	I really just lurk around reading my friends page ;)
136592	LJ111812	neutral	it 'll just be an even color of orange ?
34168	LJ111979	neutral	I feel your pain though , it is not like the UK has much local cuisine to tout either .
463584	LJ111111	negative	I know I missed something here , but what does `` THud '' mean ?
43473	LJ112999	negative	and well ... i told you not to underestimate her , love .
null	LJ113569	positive	Go for gold dude i dont mind :) my journal is basically just full of word vomit :)
88710	LJ111860	negative	I am so new and know nothing .
113717	LJ113148	positive	\* HUGS \* It 'll get better little one .
367889	LJ112888	neutral	So , if LLLINKKK IIIMAGEEELLLINKKK brewsternorth really wants to go , we could reschedule .
93836	LJ113097	neutral	I am a health care professional , and this is what I do .
119996	LJ112971	negative	when you are so far away it is just so fucking hard to imagine yourself into someone 's life .
463584	LJ113133	positive	Nothing new here -- it is great !
434925	LJ113090	negative	At least the movie is still awesome :D Although I hate it when they change the name of films lol .
50595	LJ111392	positive	Until then , free hugs for all , and have a happy Kwanzaanukkahmas .
218101	LJ111717	neutral	I am going to call you son , we need to make thrifting/hang out plans ASAP .
47575	LJ111441	positive	I will be praying for both of you .
17811	LJ111227	neutral	Perhaps we could comment on that post in LLLINKKK IIIMAGEEELLLINKKK gymclassheroes and ask for more details ?
463584	LJ111757	positive	Yes , it totally sounds like a good sequel title .
54481	LJ111898	positive	I redyed my hair , it is this nice dark red ..
10260	LJ111833	positive	Yeah , that Dick in a Box video 's been around for a while , but it is still pretty darn funny .
54481	LJ111817	positive	good to hear darien is doing good in school too :3 i have been okay i guess .
65401	LJ112268	positive	it had to be one of the greatest nights of my life .
254047	LJ112252	neutral	Oh if I were actually in the same continent as you ... Chuck
null	LJ113438	positive	So here 's some wonderful artz for LLLINKKK TheWetRabbit , who was in his own way just begging for some ED lovins .
166574	LJ111369	neutral	LLLINKKK IIIMAGEEE IIIMAGEEE All in all , this post is just chock full of hunky dudes , isn't it ?
10576	LJ112168	neutral	e-mail me : vitamincsaint@gmail.com
110607	LJ111350	neutral	I assume there is one she can visit .
127926	LJ112735	neutral	One would think the hairstyle LLLINKKK Pickles rocks in Metalocalypse would not actually exist , right ?
null	LJ113585	positive	This is a great , great record .
11719	LJ111598	negative	I will have to see if I can not do something about sharing some .
50595	LJ112243	positive	Have fun Spaining it up , Stinker !
570064	LJ112094	positive	You have done a splendid job of reminding us just how hot you are .
134089	LJ111633	negative	But generally there has not been much to talk about , thus my lack of posts .
100960	LJ113020	positive	is there a good time to call you ?
132200	LJ111283	negative	But im still trying to get a job with MAC , and that is looking bleak ... we will see .
49467	LJ112314	negative	p.s. please send ti my undying love seeing as she does not seem to return it any longer !
null	LJ113533	positive	Your journal seems to be interesting and i would like to add you , if this is ok ?
113717	LJ111814	positive	\* sigh \* oh well :P Just stay positive Miss Queegy !
40123	LJ112841	neutral	I am 86 % sure i will end up in New York City .
null	LJ113204	negative	i just grabbed a pair of scissors and stuck into it i cant afford hair dressers at the moment .
520040	LJ112774	negative	i cant seem to find you on face book ???
111010	LJ112088	negative	Damn you , Final Fantasy XIII .
43473	LJ111477	positive	` fraid to say i side a bit more with allison on this one , love .
643810	LJ112923	neutral	Originally uploaded by LLLINKKK neuroxin .
136592	LJ111846	neutral	why is it called `` thin '' lizzy ?
111010	LJ112262	neutral	D : I can name at least three games I want for the DS .
136592	LJ112077	negative	Two words : gross , and rip-off .
218101	LJ112181	neutral	the assortment , various different ..
null	LJ113623	positive	comment telling me who you are , or how you found me , and i will most likely add you .
10576	LJ112405	neutral	I thought you fell off the face of the planet !
559543	LJ111290	neutral	Some other dude has made a video of his attempt at playing through them , complete with a running commentary .
43473	LJ111923	neutral	such as carder NEEDS you on the field .
132200	LJ112479	negative	Mac is not an easy company to get into for some reason or another ... When I got a promotion to go down to Toledo ..
311581	LJ112394	negative	- i am ditching this update to go hang out on the couch because i am way too groggy .
null	LJ113233	negative	I thought I was going to die .
100960	LJ111838	positive	If I wear a skirt I can sneak in with the cute girls , right ?
108959	LJ112120	positive	I am such a dork for this but my new FAVORITE show on VH1 is ... `` Scott Baio is 45 and Still Single '' .
null	LJ113404	neutral	That is what I had name my sewing machine , in the hypothetical event that I actually had one .
11719	LJ113169	negative	\* hugs \* I feel like I have completely lost track of a lot of stuff lately .
166574	LJ111545	positive	It will be ridiculous and so fun , I bet
374243	LJ111985	negative	Someone really wanted me to like Erkin Koray , and I just do not .
88710	LJ111606	neutral	He said `` you said a system in collapse is a system moving forward '' and I am a system moving forward .
103458	LJ112206	negative	I am sorry you had to go through this , and I am sorry she did as well .
132200	LJ112566	neutral	When you applied did you bring a portfolio and resume ..
218101	LJ111847	neutral	But I made the header and patterns etc etc. .
null	LJ113347	neutral	yeah , we are considering cutting ours too .
60361	LJ113086	neutral	anotherstrangedesignerboy Who ?
100960	LJ112782	positive	We can make all the snoring guys sleep in the dome , and the ( comparatively ) quiet girls can share the condo !
88710	LJ112879	positive	I hope , for the love of all that is lovely that things are what you want them to be .
60361	LJ111461	positive	he would remember them and sketch portraits later .
141436	LJ112859	neutral	You know he came down last night & you two think a lot alike .
570064	LJ112843	neutral	I read all of my friends list !
226553	LJ112411	negative	Sorry , do not think you were around ( here , LJ-wise ) when I posted the LLLINKKK meet announce .
141436	LJ111285	negative	It does not matter if I stretch , if I try to take it slow , it goes out .
570064	LJ112496	positive	Oh yeah , I am graduating this Friday .
6093	LJ112594	neutral	and so came by ur personal journal so yeah , im adding u to friends .
null	LJ113286	neutral	I WAS THINKING OF DOING THAT .
93836	LJ111372	neutral	Right down to business , no ifs , ands , or buts !
null	LJ113442	negative	Also , I did not count casebooks .
368315	LJ112518	neutral	Seven Samurai is playing this weekend at the Film Forum .
149695	LJ112547	neutral	We also bought seasons 8 , 9 and 10 .
87324	LJ112500	negative	It is not a movie I would ever have picked myself to watch , but my daughter rented it , and I wound up buying it .
null	LJ113293	positive	Lady : Has not met , but hot !
643810	LJ112635	positive	That is the sweetest thing EVAR .
8385	LJ112698	positive	Last night was first rehearsal for the new rpoduction , very promising .
462951	LJ112304	positive	as much of a diva as she could be , she was even more loved because of it : IIIMAGEEE lurve !
60253	LJ112840	neutral	Agreed , it is as if they plan these things to cut down the non-competitive atmosphere between our school .
10260	LJ112137	positive	I am so sharing that with absolutely everyone .
136592	LJ113061	neutral	or should I say `` THUN LUZZIES ! ''
47575	LJ111579	negative	I do not know how else to say it - we lost the baby Saturday morning .
132200	LJ113139	neutral	But i will be oncall at hottopic , hey its extra cash for christmas !
93836	LJ112498	neutral	This is one tough , no-nonsense man !
218101	LJ112637	positive	Your the first and the one american girl who i have added , cause your style and so on ist fantastic !
10260	LJ112153	positive	Glad you thought it was as funny as I did .
null	LJ113575	positive	I like your coloring ( : Taking Keira 's .
33149	LJ112855	positive	I am at a loose end tonight as the boy is going to a stag party , so I might well do !
null	LJ113193	negative	And just to annoy you , here 's the quote of the day : `` Time to put the mental in judgemental ! ''
111010	LJ112924	neutral	At the time I got the PSP , I only wanted it for Dissidia .
null	LJ113503	positive	YAY ... im excited to be your friend ... i like your hair because ive just cut my bangs again and we look sameish :D
11719	LJ111856	positive	: : : waves : : : Glad to see you !
10260	LJ112127	negative	and watching him flouder , because he was trying not to laugh so that his grandmother would not get curious .
null	LJ113531	positive	HAHAHAHAH LOLLERCAUST Classic .
134089	LJ111401	negative	Be wary as this can make weak stomaches weaker ... Thank god your not dealing with this :
47785	LJ112550	positive	It is uh , it is nice to get ..
218101	LJ111725	negative	also i am sorry for my bad english !
null	LJ113321	positive	Taking some Enchanted , will credit !
111010	LJ112297	positive	At least my DS could be justified with more awesome games .
57654	LJ112961	negative	To bad that it appears to be bombing at the box office , and we will not get to see the LLLINKKK People of Sparks .
311581	LJ111436	positive	Oh man Little Shop Of Horros is weird and awesome ...
47785	LJ112363	negative	lol i have addictive personality but if i am trying to quit a couple of bad habits , new ones formmmm .
null	LJ113598	neutral	Same thing happened in eastern Norway too .
10260	LJ112209	positive	It is Justin Timberlake 's `` My Dick in a Box '' Fucking funny .
110607	LJ111946	negative	I think I am probably anemic or have leukemia , I fit a lot of the symptoms for both .
11719	LJ112013	neutral	Are you going to share pictures , at the very least ?
149695	LJ113171	neutral	Me and my boyfriend are currently going through Stargate SG-1 on there .
115956	LJ111300	positive	not even kidding , i will be shaving this pup all the time .
136592	LJ112545	neutral	And I think the white top in the photo makes my skin look slightly darker in comparison too .
103458	LJ112690	negative	I do not really pray , but I will give her little kitty soul a few words later before bed .
111010	LJ112069	neutral	Not necessarily in the sense of playing games 24/7 , but you keep buying more consoles .
40123	LJ111674	positive	but the advantage SVA has is its ' faculty , internships , etc. the guarantee of a job , as opposed to Savannah .
111010	LJ111953	positive	And I have decided I am okay with that .
50595	LJ111157	neutral	christmas was totally invented here .
93836	LJ112488	positive	It is amazing to see him so serious too !
368315	LJ111555	neutral	So are we on for the 7:30 show , then ?
37203	LJ112512	positive	And if not , at least life just got a whole lot better for zillions of civil servants in same-sex relationships .
6093	LJ112771	neutral	Yeah , those r the ones i posted at osculations @ ljcommunity .
136592	LJ111458	neutral	i wonder what else you could use it for ... shower gel ?
311581	LJ112332	negative	- slept way too much and had a really unpleasant dream right at the end .
434925	LJ112162	negative	Ugh I can not believe they changed the title to ` Pirate Radio ' ( and took so long to release it in the USA ) .
54481	LJ112977	positive	I would do almost anything he asks ..
43473	LJ111718	negative	ya 'll have survived WAY worse drum majors ... no names mention .
null	LJ113313	negative	(Germany 's public daycare system is also being slowly de-funded .
11719	LJ111493	positive	Maybe a bit too busy to appreciate it as well as I had like , but definitely good .
37203	LJ112733	neutral	It will be an executive memo that will expire when he leaves office .
136592	LJ112350	negative	this looks fucking disgusting , does anyone have any first or second hand experience with such a hideous invention ?
434925	LJ111148	neutral	There is already people lined up for twilight dos .
33149	LJ112203	positive	Ok have a good evening :) may be see you later :)
null	LJ113618	negative	It was ok , but they always just seem so nervous on tv
102168	LJ111163	neutral	i am raoul and i live on the west coast of canada .
8385	LJ111259	positive	Its quiet , green , rich in history , and has a strong connection to the past .
47785	LJ112780	positive	meet any nice hardbodies lately ?
112944	LJ111841	positive	Good to `` hear '' your voice .
13495	LJ111239	positive	Good to be home - despite the layer of fine ash on every surface in the house .
111010	LJ112027	negative	They might end up equally sad .
149695	LJ112886	neutral	We can get seasons 11-now on itunes .
43473	LJ112796	positive	trust me , carder knows what he is doing .
6093	LJ112065	neutral	i notice the recent one is in the month of may ..
null	LJ113607	neutral	Starred entries are re-reads .
10260	LJ111965	neutral	AAnd I just watched the Spider one .
102168	LJ112955	negative	Sorry , I can always delete the post if you had prefer ?
88710	LJ112656	positive	`` How interminable are words if they reach nothing . ''
132200	LJ112789	neutral	I have worked at three different counters and now I am working at somerset .
null	LJ113596	positive	I will miss you terribly (until you come out on DVD) .
110607	LJ112125	positive	clementine is almost 14 months old and she is so amazing .
null	LJ113273	positive	And I know the Bible way better than them .
335545	LJ112985	neutral	Request : please provide test stress reduction or confidence techniques .
13495	LJ111610	positive	We are back home and the house is still standing !
111010	LJ112033	negative	Square is bad for our wallet .
null	LJ113339	positive	I am so happy you have decided as such .
